{
  "capacity": 200,
  "size": 200,
  "experiences": [
    [
      2,
      0,
      -4.75,
      3,
      false
    ],
    [
      3,
      0,
      -12.850000000000001,
      3,
      false
    ],
    [
      3,
      2,
      -0.49999999999999956,
      1,
      false
    ],
    [
      1,
      1,
      0.44000000000000006,
      0,
      false
    ],
    [
      0,
      1,
      0.9299999999999999,
      0,
      false
    ],
    [
      0,
      2,
      -5.8999999999999995,
      0,
      false
    ],
    [
      0,
      0,
      1.73,
      0,
      false
    ],
    [
      0,
      2,
      -5.8999999999999995,
      0,
      false
    ],
    [
      0,
      2,
      -5.8999999999999995,
      0,
      false
    ],
    [
      0,
      1,
      0.9299999999999999,
      0,
      false
    ],
    [
      0,
      2,
      -5.8999999999999995,
      0,
      false
    ],
    [
      0,
      2,
      -5.8999999999999995,
      0,
      false
    ],
    [
      0,
      1,
      0.9299999999999999,
      0,
      false
    ],
    [
      0,
      1,
      0.9299999999999999,
      0,
      false
    ],
    [
      0,
      0,
      1.73,
      0,
      false
    ],
    [
      0,
      0,
      1.73,
      1,
      false
    ],
    [
      1,
      1,
      0.44000000000000006,
      0,
      false
    ],
    [
      0,
      1,
      0.9299999999999999,
      0,
      false
    ],
    [
      0,
      1,
      0.9299999999999999,
      0,
      false
    ],
    [
      0,
      2,
      -5.8999999999999995,
      0,
      false
    ],
    [
      0,
      0,
      1.73,
      0,
      false
    ],
    [
      0,
      0,
      1.73,
      1,
      false
    ],
    [
      1,
      1,
      0.44000000000000006,
      1,
      false
    ],
    [
      1,
      2,
      -5.2,
      4,
      true
    ],
    [
      0,
      0,
      1.73,
      0,
      false
    ],
    [
      0,
      1,
      0.9299999999999999,
      0,
      false
    ],
    [
      0,
      0,
      1.73,
      0,
      false
    ],
    [
      0,
      0,
      1.73,
      0,
      false
    ],
    [
      0,
      2,
      -5.8999999999999995,
      0,
      false
    ],
    [
      0,
      1,
      0.9299999999999999,
      0,
      false
    ],
    [
      0,
      2,
      -5.8999999999999995,
      4,
      true
    ],
    [
      0,
      0,
      1.73,
      0,
      false
    ],
    [
      0,
      0,
      1.73,
      0,
      false
    ],
    [
      0,
      1,
      0.9299999999999999,
      0,
      false
    ],
    [
      0,
      0,
      1.73,
      0,
      false
    ],
    [
      0,
      1,
      0.9299999999999999,
      0,
      false
    ],
    [
      0,
      1,
      0.9299999999999999,
      0,
      false
    ],
    [
      0,
      0,
      1.73,
      1,
      false
    ],
    [
      1,
      1,
      0.44000000000000006,
      2,
      false
    ],
    [
      2,
      1,
      -0.75,
      1,
      false
    ],
    [
      1,
      1,
      0.44000000000000006,
      1,
      false
    ],
    [
      1,
      0,
      -0.15999999999999992,
      1,
      false
    ],
    [
      1,
      1,
      0.44000000000000006,
      1,
      false
    ],
    [
      1,
      0,
      -0.15999999999999992,
      1,
      false
    ],
    [
      1,
      1,
      0.44000000000000006,
      2,
      false
    ],
    [
      2,
      0,
      -4.75,
      2,
      false
    ],
    [
      2,
      2,
      -3.5,
      0,
      false
    ],
    [
      0,
      1,
      0.9299999999999999,
      0,
      false
    ],
    [
      0,
      0,
      1.73,
      0,
      false
    ],
    [
      0,
      0,
      1.73,
      0,
      false
    ],
    [
      0,
      1,
      0.9299999999999999,
      0,
      false
    ],
    [
      0,
      0,
      1.73,
      0,
      false
    ],
    [
      0,
      1,
      0.9299999999999999,
      0,
      false
    ],
    [
      0,
      1,
      0.9299999999999999,
      1,
      false
    ],
    [
      1,
      1,
      0.44000000000000006,
      1,
      false
    ],
    [
      1,
      1,
      0.44000000000000006,
      1,
      false
    ],
    [
      1,
      2,
      -5.2,
      0,
      false
    ],
    [
      0,
      2,
      -5.8999999999999995,
      0,
      false
    ],
    [
      0,
      2,
      -5.8999999999999995,
      0,
      false
    ],
    [
      0,
      2,
      -5.8999999999999995,
      0,
      false
    ],
    [
      0,
      2,
      -5.8999999999999995,
      4,
      true
    ],
    [
      0,
      2,
      -5.8999999999999995,
      0,
      false
    ],
    [
      0,
      1,
      0.9299999999999999,
      0,
      false
    ],
    [
      0,
      2,
      -5.8999999999999995,
      4,
      true
    ],
    [
      0,
      1,
      0.9299999999999999,
      0,
      false
    ],
    [
      0,
      1,
      0.9299999999999999,
      0,
      false
    ],
    [
      0,
      2,
      -5.8999999999999995,
      4,
      true
    ],
    [
      0,
      2,
      -5.8999999999999995,
      0,
      false
    ],
    [
      0,
      2,
      -5.8999999999999995,
      0,
      false
    ],
    [
      0,
      1,
      0.9299999999999999,
      0,
      false
    ],
    [
      0,
      1,
      0.9299999999999999,
      0,
      false
    ],
    [
      0,
      2,
      -5.8999999999999995,
      4,
      true
    ],
    [
      0,
      0,
      1.73,
      0,
      false
    ],
    [
      0,
      1,
      0.9299999999999999,
      0,
      false
    ],
    [
      0,
      1,
      0.9299999999999999,
      0,
      false
    ],
    [
      0,
      0,
      1.73,
      0,
      false
    ],
    [
      0,
      0,
      1.73,
      1,
      false
    ],
    [
      1,
      0,
      -0.15999999999999992,
      1,
      false
    ],
    [
      1,
      0,
      -0.15999999999999992,
      2,
      false
    ],
    [
      2,
      1,
      -0.75,
      2,
      false
    ],
    [
      2,
      1,
      -0.75,
      2,
      false
    ],
    [
      2,
      1,
      -0.75,
      2,
      false
    ],
    [
      2,
      0,
      -4.75,
      3,
      false
    ],
    [
      3,
      2,
      -0.49999999999999956,
      2,
      false
    ],
    [
      2,
      1,
      -0.75,
      3,
      false
    ],
    [
      3,
      2,
      -0.49999999999999956,
      2,
      false
    ],
    [
      2,
      1,
      -0.75,
      3,
      false
    ],
    [
      3,
      0,
      -12.850000000000001,
      3,
      false
    ],
    [
      3,
      2,
      -0.49999999999999956,
      1,
      false
    ],
    [
      1,
      1,
      0.44000000000000006,
      1,
      false
    ],
    [
      1,
      2,
      -5.2,
      4,
      true
    ],
    [
      0,
      0,
      1.73,
      0,
      false
    ],
    [
      0,
      0,
      1.73,
      0,
      false
    ],
    [
      0,
      2,
      -5.8999999999999995,
      0,
      false
    ],
    [
      0,
      1,
      0.9299999999999999,
      0,
      false
    ],
    [
      0,
      0,
      1.73,
      1,
      false
    ],
    [
      1,
      1,
      0.44000000000000006,
      1,
      false
    ],
    [
      1,
      1,
      0.44000000000000006,
      1,
      false
    ],
    [
      1,
      1,
      0.44000000000000006,
      0,
      false
    ],
    [
      0,
      0,
      1.73,
      0,
      false
    ],
    [
      0,
      2,
      -5.8999999999999995,
      0,
      false
    ],
    [
      0,
      1,
      0.9299999999999999,
      0,
      false
    ],
    [
      0,
      0,
      1.73,
      0,
      false
    ],
    [
      0,
      0,
      1.73,
      1,
      false
    ],
    [
      1,
      2,
      -5.2,
      4,
      true
    ],
    [
      0,
      2,
      -5.8999999999999995,
      0,
      false
    ],
    [
      0,
      1,
      0.9299999999999999,
      0,
      false
    ],
    [
      0,
      0,
      1.73,
      1,
      false
    ],
    [
