{
  "Normal Traffic": 22.57687929195979,
  "Suspicious Traffic": 20.097110731373984,
  "DDoS Attack": 9.854642031820399,
  "Mitigated": 0.0
}